order,stamp_number
1,4258
2,4265
3,4283
4,4303
5,5096
6,5104
7,16494
8,16495
9,16496
10,16497
11,16498
12,16499
13,17721
14,17722
15,18315
16,18317
17,18319
18,18321
19,18322
20,18323
21,18324
22,18325
23,18326
24,18327
25,18328
26,18329
27,18330
28,18332
29,18335
30,18336
31,18338
32,18341
33,18342
34,18343
35,18344
36,18345
37,18346
38,18347
39,18348
40,18349
41,18350
42,18351
43,18353
44,18354
45,18355
46,18356
47,18357
48,18358
49,18360
50,18361
51,18362
52,18364
53,18365
54,18366
55,18367
56,18368
57,18369
58,18371
59,18373
60,18374
61,18375
62,18376
63,18379
64,18380
65,18381
66,18382
67,18386
68,18387
69,18390
70,18393
71,18394
72,18395
73,18396
74,18398
75,18399
76,18400
77,18401
78,18402
79,18403
80,18407
81,18408
82,18409
83,18410
84,18415
85,18418
86,18419
87,18420
88,18421
89,18422
90,18424
91,18426
